Unnamed: 0,Date,Minimum temperature (°C),Maximum temperature (°C),Rainfall (mm),Evaporation (mm),Sunshine (hours),Direction of maximum wind gust ,Speed of maximum wind gust (km/h),Time of maximum wind gust,9am Temperature (°C),9am relative humidity (%),9am cloud amount (oktas),9am wind direction,9am wind speed (km/h),9am MSL pressure (hPa),3pm Temperature (°C),3pm relative humidity (%),3pm cloud amount (oktas),3pm wind direction,3pm wind speed (km/h),3pm MSL pressure (hPa)
,2024-01-1,17.4,25.7,0.0,,,SSW,48.0,19:25,22.9,54,,SSE,11.0,1017.0,23.9,60,,SW,30.0,1015.0
,2024-01-2,17.2,29.8,0.0,,,ESE,56.0,23:30,22.9,58,,SE,17.0,1016.4,28.3,40,,SE,24.0,1014.4
,2024-01-3,18.9,32.3,0.0,,,ESE,48.0,07:48,23.3,50,,E,26.0,1020.0,31.9,25,,SE,20.0,1016.1
,2024-01-4,16.4,32.2,0.0,,,ESE,52.0,02:29,22.6,45,,E,22.0,1020.9,30.6,26,,ESE,24.0,1016.5
,2024-01-5,16.8,30.2,0.0,,,SSW,46.0,15:15,23.2,49,,E,15.0,1019.0,25.9,56,,SSW,24.0,1015.6
,2024-01-6,18.0,31.7,0.0,,,SSW,44.0,15:16,25.0,49,,E,19.0,1016.1,25.9,64,,SSW,30.0,1012.0
,2024-01-7,18.8,35.2,0.0,,,SSW,41.0,14:53,29.4,38,,E,19.0,1013.4,29.1,52,,SSW,24.0,1010.3
,2024-01-8,21.9,34.2,0.0,,,SSW,50.0,14:46,30.5,32,,ESE,6.0,1010.9,26.5,65,,SSW,30.0,1008.4
,2024-01-9,17.8,27.5,0.0,,,SSW,54.0,17:02,22.8,59,,SSW,24.0,1011.8,25.1,65,,SSW,35.0,1010.0
,2024-01-10,17.7,,0.0,,,,,,23.6,49,,ESE,13.0,1013.5,24.5,60,,,,1010.1
,2024-01-11,18.8,26.9,,,,,37.0,16:00,24.6,49,,,,1010.2,25.5,64,,,,1007.3
,2024-01-12,19.4,36.6,0.0,,,E,44.0,23:19,25.8,53,,,,1009.8,35.4,34,,ESE,15.0,1005.7
,2024-01-13,23.3,39.5,11.4,,,E,48.0,07:19,29.4,47,,E,24.0,1007.7,33.4,43,,SSW,17.0,1004.0
,2024-01-14,22.5,29.8,0.0,,,WNW,20.0,10:04,26.0,78,,NW,11.0,1005.3,28.4,66,,SW,13.0,1003.3
,2024-01-15,21.7,33.1,0.0,,,NW,24.0,10:08,24.9,79,,NNW,15.0,1006.7,26.3,73,,W,13.0,1004.4
,2024-01-16,21.0,35.5,0.0,,,ENE,46.0,19:56,32.9,45,,E,13.0,1003.9,27.0,72,,NW,17.0,1003.0
,2024-01-17,22.8,28.1,0.0,,,W,28.0,16:45,25.5,82,,WNW,13.0,1005.4,26.6,69,,WNW,19.0,1004.5
,2024-01-18,21.4,26.6,0.0,,,SW,37.0,13:56,24.1,57,,WSW,17.0,1008.4,24.2,66,,WSW,20.0,1008.2
,2024-01-19,21.1,27.5,0.0,,,SSW,41.0,14:26,24.4,60,,SW,11.0,1009.5,25.1,62,,SW,26.0,1008.1
,2024-01-20,18.3,30.5,0.0,,,SSW,39.0,13:43,27.3,49,,ENE,9.0,1009.7,27.0,62,,SSW,24.0,1007.7
,2024-01-21,20.7,27.0,0.0,,,SW,46.0,14:41,25.2,77,,SSW,17.0,1008.6,25.4,71,,SSW,24.0,1007.6
,2024-01-22,17.0,27.2,0.0,,,SSW,41.0,00:13,23.8,53,,S,13.0,1011.8,24.9,60,,SW,30.0,1010.2
,2024-01-23,17.2,26.2,0.0,,,SW,46.0,16:47,24.3,47,,SE,11.0,1013.7,24.3,58,,SW,26.0,1011.0
,2024-01-24,17.8,26.8,0.0,,,SSW,52.0,19:38,23.0,51,,SSE,19.0,1014.0,25.4,60,,SW,28.0,1010.8
,2024-01-25,16.9,26.4,0.0,,,SSW,57.0,17:36,21.6,52,,SE,17.0,1015.7,24.1,58,,SSW,39.0,1012.4
,2024-01-26,16.6,28.4,0.0,,,SW,44.0,16:05,22.2,47,,E,17.0,1019.0,24.0,55,,SSW,28.0,1014.8
,2024-01-27,17.5,31.1,0.0,,,ENE,41.0,07:26,25.3,37,,E,20.0,1013.7,27.4,51,,SSW,19.0,1008.4
,2024-01-28,19.3,25.9,0.0,,,SSW,43.0,16:13,22.2,64,,SSW,20.0,1012.1,23.9,71,,SW,26.0,1011.0
,2024-01-29,17.2,27.1,0.0,,,SSW,50.0,17:30,23.0,47,,E,15.0,1017.4,23.5,62,,SSW,30.0,1015.0
,2024-01-30,18.2,35.1,0.0,,,SSW,43.0,17:36,25.8,40,,ENE,17.0,1018.3,26.2,61,,SSW,28.0,1014.4
,2024-01-31,19.8,38.0,0.0,,,SSW,39.0,15:27,33.3,28,,NE,9.0,1015.9,31.5,42,,SSW,26.0,1013.2
,2024-02-1,22.3,38.2,0.0,,,SSW,35.0,17:21,33.1,31,,W,4.0,1013.3,33.4,41,,SW,13.0,1011.2
,2024-02-2,21.6,34.5,0.0,,,SSW,48.0,12:56,27.5,55,,SW,9.0,1011.2,30.8,40,,SSW,24.0,1008.5
,2024-02-3,22.1,28.2,0.0,,,SSW,57.0,19:25,25.9,63,,SSW,20.0,1009.9,24.6,72,,SSW,31.0,1008.4
,2024-02-4,15.6,24.4,0.2,,,SSW,56.0,17:39,19.9,54,,SSE,15.0,1017.1,22.7,52,,SSW,33.0,1014.6
,2024-02-5,15.2,28.1,0.0,,,SSW,48.0,14:47,19.9,45,,SE,13.0,1021.5,23.6,53,,SSW,28.0,1018.1
,2024-02-6,17.3,31.7,0.0,,,ENE,44.0,09:37,22.4,40,,E,20.0,1023.0,24.5,59,,SSW,28.0,1017.9
,2024-02-7,19.3,36.7,0.0,,,SSW,43.0,16:49,27.0,30,,ENE,17.0,1019.6,28.4,44,,SSW,22.0,1015.9
,2024-02-8,20.6,39.5,0.0,,,SSW,39.0,17:00,32.4,17,,ENE,15.0,1017.5,33.5,25,,SSW,20.0,1014.6
,2024-02-9,23.5,40.9,0.0,,,ENE,41.0,08:54,33.5,17,,ENE,22.0,1017.3,36.1,18,,SW,20.0,1014.2
,2024-02-10,24.2,40.3,0.0,,,S,39.0,19:15,31.4,23,,NW,9.0,1016.8,32.1,36,,SSW,22.0,1013.5
,2024-02-11,20.9,28.9,0.0,,,SSW,30.0,16:57,25.8,76,,SW,9.0,1014.5,27.6,60,,SSW,19.0,1011.7
,2024-02-12,20.4,29.4,0.0,,,SE,44.0,22:03,25.5,52,,SSE,15.0,1013.6,26.9,61,,SSW,26.0,1011.6
,2024-02-13,16.4,34.1,0.0,,,SSW,43.0,15:28,21.9,46,,SE,19.0,1020.1,28.5,45,,SW,19.0,1015.5
,2024-02-14,17.8,35.5,0.0,,,E,48.0,08:28,23.4,45,,E,26.0,1016.9,29.9,44,,SSW,24.0,1012.2
,2024-02-15,23.5,42.1,0.0,,,E,44.0,07:23,31.4,25,,E,19.0,1011.0,34.3,28,,SSW,20.0,1006.9
,2024-02-16,20.8,24.9,0.0,,,NW,22.0,12:49,21.8,84,,WNW,9.0,1013.8,22.9,77,,WNW,11.0,1014.2
,2024-02-17,18.5,30.5,0.0,,,SSW,41.0,16:26,24.1,67,,N,4.0,1017.4,26.6,66,,SSW,20.0,1014.7
,2024-02-18,24.0,43.0,0.0,,,E,39.0,06:03,30.0,39,,E,19.0,1015.4,41.7,16,,E,9.0,1011.0
,2024-02-19,28.7,42.8,0.0,,,E,44.0,04:06,32.8,28,,E,24.0,1011.7,35.5,21,,NW,19.0,1008.1
,2024-02-20,24.3,33.8,0.0,,,ENE,31.0,01:40,30.9,36,,NNW,9.0,1009.3,33.3,32,,SSW,9.0,1007.5
,2024-02-21,22.0,28.0,0.0,,,SW,44.0,16:46,25.1,76,,WSW,9.0,1011.0,24.3,74,,SSW,20.0,1010.1
,2024-02-22,17.1,32.6,0.0,,,SE,41.0,07:30,21.3,50,,ESE,17.0,1018.1,31.9,21,,SE,15.0,1014.5
,2024-02-23,18.4,38.4,0.0,,,E,52.0,07:58,23.7,47,,E,24.0,1014.2,36.5,22,,ESE,15.0,1008.4
,2024-02-24,21.0,25.1,0.4,,,N,43.0,03:21,21.5,88,,S,17.0,1010.8,22.4,81,,SSW,15.0,1011.7
,2024-02-25,20.2,26.9,0.2,,,E,41.0,09:08,23.1,66,,E,22.0,1015.0,21.0,87,,ESE,20.0,1012.9
,2024-02-26,20.4,31.6,0.4,,,S,52.0,21:46,26.9,61,,E,11.0,1012.2,26.4,66,,SSW,22.0,1009.3
,2024-02-27,17.3,23.9,0.0,,,SSW,43.0,02:12,20.0,55,,SSE,20.0,1015.9,23.3,52,,SSW,24.0,1012.8
,2024-02-28,17.3,27.5,0.0,,,S,41.0,16:50,23.5,46,,ENE,7.0,1013.0,22.6,63,,SSW,24.0,1010.8
,2024-02-29,17.1,28.8,0.0,,,SSW,52.0,16:25,22.8,54,,SE,11.0,1013.3,25.4,63,,SSW,33.0,1008.7
,2024-03-1,19.3,34.7,0.0,,,E,50.0,19:30,24.1,50,,ESE,22.0,1013.3,34.0,28,,SE,20.0,1010.1
,2024-03-2,20.3,32.2,0.0,,,ENE,65.0,21:48,24.5,53,,E,28.0,1011.7,30.6,38,,E,30.0,1007.6
,2024-03-3,24.2,34.4,0.0,,,ENE,52.0,01:06,29.7,51,,ENE,28.0,1009.4,29.9,54,,SSW,17.0,1007.3
,2024-03-4,21.0,25.4,0.0,,,SW,44.0,15:42,22.6,85,,SSW,20.0,1013.6,23.7,75,,SW,26.0,1013.4
,2024-03-5,17.7,28.6,0.0,,,ESE,44.0,23:11,22.6,61,,ESE,13.0,1018.6,25.1,66,,SSW,26.0,1014.4
,2024-03-6,18.1,33.8,0.0,,,ESE,46.0,08:31,22.8,58,,E,20.0,1017.9,32.2,38,,E,22.0,1013.6
,2024-03-7,22.3,35.4,0.0,,,E,44.0,02:37,27.6,53,,ENE,17.0,1013.1,30.0,50,,SSW,22.0,1007.8
,2024-03-8,24.1,27.0,0.0,,,SSW,56.0,18:12,24.4,82,,N,6.0,1007.4,22.0,77,,SSW,33.0,1007.7
,2024-03-9,14.3,23.9,0.0,,,SSW,48.0,16:57,18.1,48,,SSE,24.0,1016.8,21.4,53,,SSW,28.0,1013.7
,2024-03-10,15.8,27.1,0.0,,,SSW,43.0,14:44,20.4,50,,ENE,19.0,1017.7,22.8,60,,SSW,26.0,1013.9
,2024-03-11,17.2,29.6,0.0,,,ESE,48.0,22:26,22.2,55,,ESE,15.0,1017.1,25.2,58,,S,26.0,1012.8
,2024-03-12,18.6,30.3,0.0,,,SSW,41.0,14:50,22.8,56,,E,15.0,1015.1,24.9,66,,SSW,28.0,1011.1
,2024-03-13,20.4,30.6,0.0,,,E,43.0,23:04,24.4,62,,ENE,19.0,1014.0,26.9,64,,SSW,20.0,1010.6
,2024-03-14,20.4,30.5,0.0,,,NNE,43.0,20:15,24.7,64,,ENE,24.0,1014.7,28.9,52,,ENE,22.0,1012.0
,2024-03-15,21.3,32.1,0.0,,,NE,48.0,08:34,25.0,67,,NE,22.0,1013.4,31.4,44,,ENE,15.0,1010.1
,2024-03-16,22.1,31.5,0.0,,,SSW,35.0,15:22,26.8,60,,NE,15.0,1013.1,27.3,64,,SSW,20.0,1009.8
,2024-03-17,18.5,25.6,0.0,,,S,44.0,19:30,24.5,72,,W,4.0,1010.0,23.8,74,,SW,26.0,1007.6
,2024-03-18,17.5,25.2,0.0,,,SSE,57.0,16:09,21.2,65,,SSE,11.0,1013.6,23.8,62,,S,35.0,1012.0
,2024-03-19,14.5,26.9,0.0,,,ENE,54.0,08:50,18.3,48,,E,26.0,1023.9,26.3,23,,E,20.0,1020.6
,2024-03-20,15.0,29.6,0.0,,,E,46.0,00:05,19.4,46,,E,20.0,1024.6,28.8,24,,ESE,20.0,1019.8
,2024-03-21,17.6,29.0,0.0,,,S,43.0,15:52,22.1,39,,ENE,17.0,1022.8,26.1,50,,SSW,19.0,1019.0
,2024-03-22,17.4,29.5,0.0,,,ENE,46.0,08:10,21.8,51,,ENE,19.0,1025.4,28.9,25,,ENE,20.0,1022.4
,2024-03-23,16.2,28.4,0.0,,,ENE,48.0,09:25,20.9,49,,E,19.0,1029.0,27.3,27,,ENE,22.0,1025.2
,2024-03-24,15.3,29.6,0.0,,,E,41.0,01:52,21.1,51,,ENE,13.0,1027.9,28.0,22,,ENE,17.0,1021.9
,2024-03-25,14.9,27.9,0.0,,,SW,28.0,16:31,22.3,36,,ENE,15.0,1021.1,25.4,41,,WSW,17.0,1016.8
,2024-03-26,14.0,27.2,0.0,,,SSW,28.0,16:14,23.9,35,,ENE,11.0,1020.6,25.4,43,,SSW,15.0,1018.5
,2024-03-27,15.6,30.0,0.0,,,SSW,31.0,17:00,25.9,29,,ENE,13.0,1021.1,26.1,50,,SSW,15.0,1018.2
,2024-03-28,15.5,26.1,0.0,,,SSW,33.0,13:21,23.3,44,,WNW,7.0,1018.5,23.3,71,,SSW,19.0,1017.2
,2024-03-29,14.9,23.9,0.0,,,SSW,26.0,17:26,19.8,73,,SSE,6.0,1019.3,23.3,60,,SW,17.0,1017.8
,2024-03-30,18.1,25.2,0.0,,,S,35.0,16:14,21.7,79,,NE,2.0,1021.8,22.7,75,,SSW,20.0,1020.4
,2024-03-31,16.6,28.0,0.0,,,ESE,50.0,20:54,21.2,58,,SE,11.0,1025.7,24.1,69,,SE,24.0,1022.8
,2024-04-1,15.2,27.3,0.0,,,E,52.0,08:04,18.5,51,,E,30.0,1026.9,26.8,32,,SE,11.0,1022.6
,2024-04-2,14.8,26.2,0.0,,,ESE,43.0,04:37,19.2,52,,E,22.0,1026.2,24.9,53,,S,17.0,1022.6
,2024-04-3,15.2,30.8,0.0,,,E,48.0,07:28,19.4,48,,E,24.0,1026.7,29.3,23,,ESE,13.0,1023.1
,2024-04-4,18.1,30.5,0.0,,,ENE,35.0,10:11,21.8,34,,ENE,11.0,1023.9,29.3,20,,E,9.0,1019.2
,2024-04-5,19.0,32.8,0.0,,,NE,35.0,07:08,24.7,34,,NE,17.0,1017.8,31.9,18,,SSW,9.0,1014.0
,2024-04-6,19.7,33.5,0.0,,,ENE,28.0,09:35,24.6,27,,ENE,13.0,1015.8,27.2,39,,SSW,19.0,1012.7
,2024-04-7,18.5,36.7,0.0,,,E,54.0,21:54,25.7,30,,E,19.0,1015.3,36.0,11,,E,15.0,1012.4
,2024-04-8,17.3,29.5,0.0,,,E,50.0,09:04,21.4,52,,E,28.0,1022.8,28.7,31,,E,20.0,1020.4
,2024-04-9,15.2,28.4,0.0,,,E,54.0,09:28,18.7,56,,E,28.0,1024.9,27.1,30,,E,15.0,1020.6
,2024-04-10,16.3,28.9,0.0,,,ENE,41.0,05:59,19.9,47,,ENE,22.0,1023.4,27.9,26,,ENE,15.0,1020.1
,2024-04-11,16.6,28.8,0.0,,,ENE,44.0,06:13,20.4,41,,ENE,24.0,1023.1,28.7,24,,SE,13.0,1019.5
,2024-04-12,16.3,27.7,0.0,,,ENE,37.0,02:09,20.3,50,,ENE,22.0,1021.0,22.5,68,,W,7.0,1017.5
,2024-04-13,16.1,24.9,1.0,,,SSW,33.0,16:25,19.6,56,,ENE,19.0,1019.7,23.2,58,,SW,15.0,1016.8
,2024-04-14,14.3,24.5,0.0,,,SW,35.0,14:26,20.8,60,,E,7.0,1022.6,23.0,56,,SSW,22.0,1020.9
,2024-04-15,14.9,28.4,0.0,,,SSW,31.0,14:52,21.4,58,,NE,15.0,1025.2,23.3,68,,SSW,24.0,1021.8
,2024-04-16,17.3,31.1,0.0,,,NE,35.0,07:35,22.5,53,,NE,17.0,1025.0,30.4,25,,ENE,13.0,1021.0
,2024-04-17,19.2,33.0,0.0,,,NE,37.0,06:36,23.2,47,,NE,22.0,1025.5,32.7,21,,NE,13.0,1021.3
,2024-04-18,19.5,33.8,0.0,,,NE,37.0,09:38,25.1,35,,NE,20.0,1025.5,33.0,19,,NNE,6.0,1022.1
,2024-04-19,16.6,29.7,0.0,,,NE,28.0,09:44,23.3,33,,NE,15.0,1025.3,27.0,33,,SSW,9.0,1021.5
,2024-04-20,16.2,28.9,0.0,,,NE,35.0,08:12,22.6,32,,NE,15.0,1024.6,26.4,36,,SSW,11.0,1020.9
,2024-04-21,14.8,28.9,0.0,,,ENE,24.0,05:48,22.9,31,,NNE,11.0,1021.8,25.8,42,,W,11.0,1018.7
,2024-04-22,16.0,23.3,0.0,,,SSE,43.0,13:34,19.6,73,,SSE,19.0,1023.8,22.1,50,,SSE,20.0,1023.2
,2024-04-23,11.1,21.9,0.0,,,E,50.0,10:07,15.5,51,,ESE,17.0,1031.4,21.2,30,,ESE,22.0,1026.5
,2024-04-24,14.1,24.2,0.0,,,ENE,44.0,10:01,16.6,46,,E,24.0,1028.8,23.3,26,,ENE,20.0,1024.6
,2024-04-25,14.3,22.4,0.0,,,E,43.0,01:38,15.6,50,,E,24.0,1026.5,21.8,37,,SE,13.0,1022.1
,2024-04-26,15.6,27.2,0.0,,,E,31.0,01:22,20.3,46,,ENE,20.0,1019.4,24.2,54,,WSW,13.0,1016.2
,2024-04-27,12.8,23.2,0.0,,,SW,26.0,13:41,19.1,74,,ENE,4.0,1018.9,22.5,54,,WSW,11.0,1017.7
,2024-04-28,13.1,24.0,0.2,,,E,31.0,22:57,17.8,76,,E,7.0,1023.7,22.4,61,,SW,19.0,1021.4
,2024-04-29,14.2,26.2,0.0,,,E,56.0,09:20,17.1,61,,E,28.0,1026.3,25.6,35,,ENE,19.0,1021.4
,2024-04-30,17.0,19.8,0.0,,,NE,67.0,11:35,18.4,56,,NE,17.0,1022.8,18.2,76,,ENE,31.0,1019.9
,2024-05-1,14.5,25.5,6.4,,,ENE,39.0,00:07,19.4,67,,NE,15.0,1020.5,23.6,60,,NE,7.0,1018.5
,2024-05-2,18.6,24.5,3.0,,,NNE,35.0,07:58,22.4,65,,NNE,15.0,1020.9,22.8,80,,N,17.0,1020.0
,2024-05-3,17.8,22.3,1.0,,,SSW,28.0,17:00,19.1,82,,SE,6.0,1024.0,21.7,54,,SSW,17.0,1022.0
,2024-05-4,12.6,21.0,0.0,,,SSW,39.0,16:41,16.3,78,,ESE,9.0,1024.1,20.3,64,,SSW,20.0,1021.2
,2024-05-5,10.7,20.4,0.0,,,SSW,30.0,14:26,14.9,78,,SE,7.0,1023.1,19.5,66,,SSW,19.0,1019.2
,2024-05-6,11.3,21.0,0.0,,,SSW,24.0,14:25,15.2,95,,ESE,6.0,1022.4,20.0,63,,SW,17.0,1020.1
,2024-05-7,11.8,26.0,0.0,,,SSW,30.0,14:25,17.1,67,,E,7.0,1025.3,23.3,52,,S,13.0,1021.5
,2024-05-8,14.6,27.5,0.0,,,E,37.0,23:13,19.9,49,,ENE,15.0,1024.4,25.5,29,,E,15.0,1020.0
,2024-05-9,19.7,28.4,0.0,,,ENE,48.0,09:37,21.7,34,,ENE,24.0,1018.5,27.3,24,,NE,17.0,1014.8
,2024-05-10,19.3,25.1,0.0,,,N,39.0,11:00,22.8,61,,N,20.0,1017.9,24.3,76,,NW,20.0,1017.0
,2024-05-11,18.1,23.9,0.2,,,SSW,28.0,15:01,19.6,95,,ENE,6.0,1023.1,22.0,70,,SSW,19.0,1021.3
,2024-05-12,15.7,26.8,0.0,,,SSW,48.0,18:14,20.1,69,,E,17.0,1019.5,26.1,49,,SSE,4.0,1015.1
,2024-05-13,17.3,29.7,0.0,,,ENE,33.0,10:43,21.0,41,,E,17.0,1014.9,28.8,20,,NE,13.0,1012.6
,2024-05-14,18.9,27.9,0.0,,,ENE,30.0,03:38,20.9,33,,ENE,13.0,1016.5,23.5,54,,SSW,11.0,1014.6
,2024-05-15,14.5,25.1,0.0,,,ENE,24.0,08:02,20.1,35,,NE,9.0,1022.1,22.6,48,,SSW,13.0,1020.2
,2024-05-16,15.6,28.9,0.0,,,ENE,31.0,08:43,20.1,35,,ENE,20.0,1025.6,25.0,52,,SSW,13.0,1023.4
,2024-05-17,15.9,28.3,0.0,,,ENE,41.0,06:20,18.9,62,,ENE,22.0,1028.3,28.1,27,,NE,15.0,1025.5
,2024-05-18,17.4,28.4,0.0,,,NE,35.0,09:11,20.9,43,,NE,19.0,1029.1,27.5,23,,NE,15.0,1024.6
,2024-05-19,16.4,27.8,0.0,,,NE,41.0,09:36,19.7,39,,NE,20.0,1026.8,27.2,22,,NE,9.0,1023.4
,2024-05-20,16.5,26.4,0.0,,,NE,37.0,09:00,20.1,36,,NE,20.0,1025.4,25.2,26,,N,9.0,1023.1
,2024-05-21,13.9,25.6,0.0,,,ENE,20.0,05:25,16.6,45,,NE,7.0,1025.4,25.1,29,,WNW,6.0,1022.2
,2024-05-22,13.6,24.9,0.0,,,ENE,20.0,09:17,18.1,39,,ENE,13.0,1022.7,23.9,31,,WSW,11.0,1019.0
,2024-05-23,11.2,27.5,0.0,,,ENE,30.0,10:39,16.5,38,,ENE,17.0,1018.6,23.9,34,,WSW,7.0,1013.9
,2024-05-24,13.1,25.5,0.0,,,WNW,46.0,21:38,18.8,24,,NNE,11.0,1013.5,23.7,63,,NNW,19.0,1011.9
,2024-05-25,17.9,23.7,7.0,,,NNW,46.0,03:29,21.8,71,,WNW,20.0,1016.3,22.8,68,,WNW,15.0,1017.6
,2024-05-26,13.9,23.8,0.8,,,W,30.0,13:50,18.4,80,,NNE,13.0,1022.9,20.0,83,,W,13.0,1020.5
,2024-05-27,13.9,22.1,3.8,,,WSW,50.0,19:17,16.2,92,,NNE,7.0,1020.4,20.9,69,,N,9.0,1016.8
,2024-05-28,14.4,17.6,12.2,,,W,70.0,21:09,15.3,98,,NE,6.0,1013.7,16.0,96,,NNE,11.0,1010.0
,2024-05-29,11.0,17.5,16.8,,,W,100.0,00:10,14.3,64,,SW,33.0,1010.3,14.5,70,,SW,30.0,1013.1
,2024-05-30,11.7,19.7,3.6,,,WSW,52.0,03:27,17.2,69,,WSW,20.0,1016.6,16.8,83,,NNW,6.0,1016.3
,2024-05-31,13.1,20.8,7.6,,,NNW,44.0,21:46,14.2,98,,NNE,9.0,1020.2,20.0,75,,NNW,22.0,1017.4
,2024-06-1,14.2,24.1,2.2,,,WNW,70.0,23:04,17.4,52,,NNE,15.0,1016.1,23.3,53,,NNW,17.0,1010.4
,2024-06-2,14.9,20.3,47.8,,,N,63.0,02:01,16.4,73,,WSW,22.0,1008.7,19.9,60,,W,31.0,1010.0
,2024-06-3,15.1,21.8,2.6,,,W,46.0,00:01,17.7,80,,E,6.0,1019.9,20.1,61,,WSW,9.0,1020.1
,2024-06-4,13.9,20.8,1.4,,,NW,22.0,12:01,15.9,100,,NNE,7.0,1025.0,19.7,79,,NW,11.0,1023.4
,2024-06-5,15.8,23.2,0.0,,,NNW,31.0,12:46,18.4,64,,NNE,13.0,1024.4,22.2,56,,NNW,17.0,1021.3
,2024-06-6,15.3,23.7,0.0,,,NW,76.0,17:08,19.4,53,,N,19.0,1018.6,22.2,74,,NNW,30.0,1013.8
,2024-06-7,14.4,21.2,15.2,,,,,,15.5,99,,E,9.0,1019.4,18.9,70,,NE,6.0,1017.1
,2024-06-8,13.5,21.6,0.0,,,N,24.0,23:53,15.8,95,,NE,9.0,1013.9,19.6,78,,NNE,11.0,1009.6
,2024-06-9,15.7,20.5,9.2,,,WNW,63.0,16:05,16.4,88,,W,41.0,1008.2,17.9,82,,NW,28.0,1009.0
,2024-06-10,15.2,20.4,3.0,,,WNW,67.0,01:50,18.5,65,,W,28.0,1014.7,19.0,61,,WNW,26.0,1016.3
,2024-06-11,15.2,18.7,0.0,,,N,28.0,23:59,15.9,85,,NNE,9.0,1021.6,16.8,88,,NE,11.0,1019.8
,2024-06-12,13.6,19.9,3.0,,,SW,37.0,19:17,14.3,100,,ENE,9.0,1021.0,18.7,76,,NNW,11.0,1018.4
,2024-06-13,10.1,19.7,0.2,,,SW,19.0,15:09,12.7,97,,E,7.0,1022.4,18.2,70,,SW,11.0,1020.0
,2024-06-14,10.3,21.6,0.0,,,ENE,33.0,11:19,13.7,81,,ENE,17.0,1020.0,21.3,48,,NE,9.0,1016.4
,2024-06-15,9.5,21.4,0.0,,,NE,22.0,09:51,13.0,85,,ENE,15.0,1016.1,19.9,71,,WNW,7.0,1013.4
,2024-06-16,12.1,21.4,0.0,,,SSW,28.0,15:26,15.7,87,,NE,9.0,1017.2,19.8,78,,SW,11.0,1016.7
,2024-06-17,12.3,20.5,0.8,,,WSW,28.0,17:51,14.6,94,,E,6.0,1021.1,19.8,66,,WNW,7.0,1019.5
,2024-06-18,10.9,18.0,0.6,,,S,39.0,13:41,13.0,100,,NE,4.0,1022.7,16.5,85,,S,15.0,1022.0
,2024-06-19,8.3,17.7,2.6,,,ESE,26.0,12:08,11.8,83,,ESE,9.0,1029.8,17.4,57,,SSE,7.0,1026.7
,2024-06-20,7.0,19.3,0.2,,,ENE,24.0,10:38,11.4,78,,ENE,11.0,1030.2,18.5,49,,NE,11.0,1026.1
,2024-06-21,7.6,20.1,0.0,,,NNE,43.0,11:07,12.9,70,,NNE,6.0,1023.8,19.8,43,,N,19.0,1018.7
,2024-06-22,12.8,19.1,1.6,,,SW,56.0,07:09,17.2,66,,SW,30.0,1019.4,18.0,64,,SSW,19.0,1020.6
,2024-06-23,9.0,18.3,0.0,,,SSW,26.0,15:47,12.1,77,,ENE,9.0,1027.6,17.8,60,,S,9.0,1026.1
,2024-06-24,7.0,17.5,0.0,,,SSW,24.0,15:11,10.8,85,,E,7.0,1026.9,16.0,71,,SSW,13.0,1023.2
,2024-06-25,5.6,17.4,0.0,,,NE,30.0,23:06,9.7,88,,ENE,11.0,1018.7,17.1,52,,ENE,9.0,1013.9
,2024-06-26,9.7,19.1,0.0,,,N,41.0,09:03,12.4,88,,N,22.0,1007.0,17.8,79,,NW,9.0,1005.5
,2024-06-27,11.7,15.8,18.8,,,ENE,33.0,08:55,14.0,96,,ENE,19.0,1005.3,12.9,98,,ENE,13.0,1003.9
,2024-06-28,11.6,19.6,7.4,,,SE,35.0,13:49,14.0,83,,ESE,19.0,1009.6,18.9,62,,SSE,17.0,1010.3
,2024-06-29,10.3,18.5,0.0,,,SE,26.0,00:35,13.3,83,,SSE,11.0,1022.3,17.9,68,,SE,6.0,1022.1
,2024-06-30,9.2,20.2,0.0,,,E,31.0,09:12,12.0,90,,E,19.0,1029.6,19.8,58,,ENE,9.0,1027.1
,2024-07-1,7.9,20.5,0.2,,,N,46.0,23:02,12.7,84,,ENE,17.0,1026.9,19.6,59,,N,15.0,1022.1
,2024-07-2,12.7,18.6,3.0,,,SW,46.0,04:37,16.2,68,,S,19.0,1027.4,16.8,56,,SSW,20.0,1028.1
,2024-07-3,6.5,17.9,0.2,,,ENE,33.0,11:56,10.9,77,,ESE,9.0,1036.8,17.6,52,,ESE,11.0,1034.4
,2024-07-4,9.1,17.7,0.0,,,ESE,33.0,12:11,12.4,84,,ESE,7.0,1035.8,16.2,65,,ESE,19.0,1032.1
,2024-07-5,8.9,17.1,0.0,,,NE,39.0,11:40,11.9,77,,ENE,19.0,1029.6,16.2,47,,E,17.0,1024.3
,2024-07-6,6.9,16.8,0.0,,,NE,63.0,20:36,10.5,58,,NE,26.0,1018.8,16.4,47,,NNE,17.0,1010.8
,2024-07-7,10.5,19.8,11.4,,,NNW,52.0,09:00,14.4,100,,NNW,24.0,1011.1,18.4,64,,WSW,22.0,1012.8
,2024-07-8,11.7,20.4,2.8,,,NW,43.0,14:56,14.7,86,,NNE,13.0,1017.6,16.5,85,,NW,26.0,1013.9
,2024-07-9,14.7,20.4,0.4,,,NW,74.0,11:59,17.8,88,,N,22.0,1010.6,18.6,98,,NW,30.0,1008.9
,2024-07-10,14.4,18.0,26.4,,,WSW,69.0,09:24,16.9,73,,W,35.0,1014.7,15.6,73,,WSW,31.0,1017.1
,2024-07-11,9.2,17.6,0.6,,,WNW,28.0,13:20,12.6,90,,NE,9.0,1025.3,15.4,86,,NW,11.0,1023.9
,2024-07-12,9.7,17.7,0.4,,,ENE,17.0,12:17,12.2,100,,E,7.0,1025.5,16.9,67,,ESE,7.0,1022.7
,2024-07-13,10.2,20.6,0.0,,,ENE,28.0,09:28,13.9,83,,E,13.0,1022.3,20.0,52,,E,9.0,1018.7
,2024-07-14,9.5,16.3,0.2,,,ENE,31.0,09:46,12.5,75,,ENE,19.0,1019.3,14.2,88,,E,13.0,1016.9
,2024-07-15,8.7,19.2,4.2,,,ESE,20.0,07:37,12.6,86,,ESE,4.0,1023.8,18.9,74,,SW,11.0,1021.5
,2024-07-16,10.6,23.4,0.2,,,ENE,35.0,09:47,14.9,68,,ENE,20.0,1025.1,23.0,45,,NE,13.0,1021.3
,2024-07-17,14.9,21.7,0.0,,,NW,59.0,20:59,16.0,55,,NNE,19.0,1016.6,20.2,75,,NNW,19.0,1012.8
,2024-07-18,12.1,16.7,23.6,,,W,78.0,19:49,13.0,100,,E,7.0,1013.1,15.0,74,,W,26.0,1012.8
,2024-07-19,11.3,18.3,8.8,,,SSW,74.0,01:53,14.6,67,,SE,9.0,1023.4,16.6,59,,W,24.0,1023.1
,2024-07-20,13.5,19.3,1.2,,,WNW,59.0,04:52,17.9,59,,WNW,28.0,1024.1,17.8,70,,WNW,28.0,1022.6
,2024-07-21,15.0,19.8,0.8,,,NW,59.0,23:31,17.7,77,,WNW,24.0,1022.5,16.6,90,,NW,33.0,1020.5
,2024-07-22,14.2,19.6,0.6,,,WNW,56.0,22:22,15.7,68,,N,20.0,1017.5,18.3,84,,NW,28.0,1013.5
,2024-07-23,12.0,16.1,17.8,,,WSW,57.0,04:48,12.5,100,,S,20.0,1012.0,14.8,70,,SSW,20.0,1012.0
,2024-07-24,7.1,16.1,2.4,,,WSW,44.0,19:20,10.6,78,,N,9.0,1020.6,14.1,95,,N,4.0,1018.2
,2024-07-25,10.6,18.7,4.8,,,WSW,52.0,06:15,14.9,96,,WSW,20.0,1018.3,18.4,67,,W,19.0,1016.1
,2024-07-26,10.9,19.0,12.0,,,S,30.0,02:37,13.8,100,,ENE,7.0,1020.3,17.3,79,,NW,9.0,1020.2
,2024-07-27,11.5,19.9,0.2,,,NNE,28.0,21:53,14.4,91,,NE,9.0,1024.7,19.3,64,,NNW,13.0,1021.1
,2024-07-28,12.5,20.2,1.2,,,NW,63.0,15:04,14.4,85,,NNE,15.0,1015.2,18.9,82,,NW,33.0,1011.5
,2024-07-29,13.6,19.8,7.8,,,WNW,52.0,11:23,16.8,97,,N,11.0,1015.3,18.4,80,,NW,15.0,1014.1
,2024-07-30,12.7,20.7,7.8,,,NNW,43.0,15:57,15.6,100,,ENE,6.0,1019.8,19.2,81,,NW,13.0,1018.3
,2024-07-31,12.9,22.1,2.6,,,WNW,70.0,19:24,16.3,90,,NNE,15.0,1017.3,19.6,89,,NW,35.0,1011.6
,2024-08-1,11.8,16.8,6.0,,,WSW,83.0,02:01,14.4,67,,SW,26.0,1020.2,13.4,71,,SSW,11.0,1021.6
,2024-08-2,8.0,17.4,1.4,,,NNE,15.0,11:33,10.5,92,,E,7.0,1026.7,16.5,66,,WSW,7.0,1023.8
,2024-08-3,6.2,19.3,0.2,,,ENE,33.0,09:46,11.9,76,,E,13.0,1026.8,17.9,57,,WSW,7.0,1023.3
,2024-08-4,6.3,18.7,0.0,,,ENE,20.0,08:12,11.4,75,,ENE,11.0,1025.3,17.5,60,,WSW,9.0,1022.0
,2024-08-5,8.6,20.0,0.0,,,NNW,33.0,13:13,13.9,76,,NNE,9.0,1021.5,19.1,73,,NNW,20.0,1018.9
,2024-08-6,12.4,20.5,0.0,,,NW,56.0,22:20,16.1,77,,N,13.0,1017.3,19.8,87,,NNW,22.0,1014.0
,2024-08-7,15.9,19.5,22.8,,,NW,74.0,01:03,17.9,88,,WSW,28.0,1012.6,15.5,99,,WNW,19.0,1015.2
,2024-08-8,12.3,20.6,1.6,,,NNW,30.0,10:58,15.7,86,,N,11.0,1022.0,18.9,69,,WNW,17.0,1022.1
,2024-08-9,12.1,20.5,1.2,,,NE,28.0,11:09,14.1,100,,ENE,6.0,1024.4,19.8,69,,NW,15.0,1020.8
,2024-08-10,10.7,25.5,0.0,,,N,35.0,13:33,16.3,69,,NE,22.0,1017.1,21.9,76,,WNW,9.0,1011.3
,2024-08-11,16.4,21.1,0.4,,,NW,48.0,23:26,17.9,71,,WSW,19.0,1011.9,20.2,69,,NW,22.0,1011.4
,2024-08-12,15.6,20.1,0.4,,,NW,63.0,01:23,18.8,73,,WNW,33.0,1014.2,17.8,87,,W,20.0,1014.8
,2024-08-13,15.8,21.0,0.8,,,WNW,63.0,18:58,17.8,71,,WNW,15.0,1018.1,18.6,67,,NW,20.0,1014.6
,2024-08-14,13.9,18.5,4.2,,,W,65.0,15:47,16.9,82,,W,24.0,1014.3,17.8,84,,WNW,31.0,1012.3
,2024-08-15,12.9,18.9,5.2,,,WSW,61.0,02:59,14.8,96,,SSE,2.0,1017.2,17.1,69,,SSW,11.0,1016.4
,2024-08-16,12.9,21.0,0.2,,,NNW,37.0,17:31,14.7,79,,NE,15.0,1016.4,19.8,74,,NNW,17.0,1013.2
,2024-08-17,14.4,16.7,0.0,,,WNW,59.0,14:18,16.1,82,,NE,15.0,1006.3,12.7,100,,W,24.0,1005.6
,2024-08-18,11.4,17.6,29.0,,,SW,67.0,20:32,15.4,76,,SW,37.0,1008.8,16.6,61,,SW,39.0,1009.9
,2024-08-19,12.7,17.4,2.2,,,SW,54.0,00:03,14.0,98,,SSW,15.0,1016.7,16.5,76,,WSW,20.0,1017.0
,2024-08-20,12.0,19.6,3.2,,,W,37.0,19:04,16.9,72,,WNW,20.0,1018.8,18.7,73,,NW,17.0,1016.9
,2024-08-21,11.4,19.8,3.6,,,N,19.0,04:07,14.4,100,,E,7.0,1018.6,18.1,74,,NW,7.0,1016.1
,2024-08-22,13.0,20.7,4.8,,,NNW,81.0,15:02,14.8,96,,NE,22.0,1004.2,19.6,88,,NNW,54.0,999.2
,2024-08-23,14.4,19.5,1.0,,,NW,70.0,09:21,18.6,83,,NNW,33.0,1007.0,18.9,77,,WNW,31.0,1007.4
,2024-08-24,13.1,18.5,4.0,,,WNW,87.0,04:12,16.4,75,,W,37.0,1008.9,14.6,93,,W,39.0,1012.7
,2024-08-25,13.2,20.1,0.8,,,W,41.0,03:49,17.6,73,,W,11.0,1022.0,18.8,77,,WNW,22.0,1021.3
,2024-08-26,15.0,20.3,0.0,,,WNW,54.0,18:16,16.3,84,,NNW,15.0,1020.3,19.0,77,,NW,31.0,1016.3
,2024-08-27,15.8,19.3,2.8,,,W,59.0,08:20,17.0,100,,WSW,22.0,1016.2,17.9,74,,SSW,22.0,1017.9
,2024-08-28,10.4,20.1,0.0,,,WNW,54.0,22:53,16.0,76,,NNE,9.0,1019.6,19.5,79,,NNW,24.0,1014.8
,2024-08-29,15.9,19.0,3.0,,,WSW,69.0,05:34,17.9,78,,WSW,31.0,1012.6,18.1,69,,WSW,26.0,1014.4
,2024-08-30,12.3,18.3,5.0,,,W,57.0,06:18,15.2,70,,SW,26.0,1019.1,17.0,61,,WSW,19.0,1019.2
,2024-08-31,14.5,19.5,0.0,,,WSW,43.0,07:46,15.6,88,,WSW,22.0,1020.6,16.8,87,,W,20.0,1018.7
,2024-09-1,14.8,18.7,0.2,,,W,39.0,00:20,17.0,85,,SW,19.0,1021.0,17.5,74,,SSW,13.0,1021.4
,2024-09-2,8.8,23.8,0.0,,,ENE,31.0,09:32,16.3,75,,ENE,15.0,1022.8,20.8,68,,SW,13.0,1017.5
,2024-09-3,13.5,21.2,0.2,,,W,46.0,19:07,18.4,83,,WNW,20.0,1015.4,19.1,73,,WNW,24.0,1014.3
,2024-09-4,15.0,19.8,1.8,,,WNW,63.0,19:41,15.4,100,,WNW,35.0,1011.0,17.5,79,,W,30.0,1009.0
,2024-09-5,10.6,16.3,10.4,,,SW,81.0,13:53,12.3,76,,WSW,30.0,1010.1,14.4,67,,SW,26.0,1014.4
,2024-09-6,10.0,18.1,4.4,,,W,50.0,04:04,16.2,80,,WSW,19.0,1023.5,17.9,73,,WSW,15.0,1023.8
,2024-09-7,9.9,19.3,2.0,,,SW,22.0,12:18,14.6,100,,ENE,4.0,1029.7,17.7,65,,SSW,11.0,1028.9
,2024-09-8,11.9,19.0,0.2,,,SSW,28.0,15:03,16.1,78,,E,7.0,1030.3,17.8,73,,SSW,17.0,1026.6
,2024-09-9,10.7,20.1,0.0,,,S,33.0,18:52,13.6,92,,E,7.0,1022.5,17.9,79,,SSW,22.0,1017.7
,2024-09-10,11.5,20.5,0.0,,,SW,37.0,13:08,15.3,85,,SE,11.0,1022.6,18.4,80,,SW,19.0,1021.6
,2024-09-11,11.7,25.0,0.0,,,E,43.0,09:22,15.7,71,,ESE,20.0,1028.6,24.8,49,,E,9.0,1026.1
,2024-09-12,13.6,27.6,0.0,,,ENE,33.0,03:41,19.6,59,,E,19.0,1030.1,26.7,32,,ESE,11.0,1026.4
,2024-09-13,14.0,28.3,0.0,,,ENE,35.0,09:40,20.9,49,,ENE,19.0,1027.4,22.7,67,,SSW,17.0,1024.0
,2024-09-14,14.6,26.2,0.0,,,E,48.0,09:42,18.7,56,,ENE,22.0,1026.8,25.4,39,,SE,15.0,1024.5
,2024-09-15,13.0,24.3,0.0,,,E,44.0,08:03,16.8,66,,E,20.0,1030.1,23.5,37,,E,17.0,1027.0
,2024-09-16,12.5,24.1,0.0,,,ENE,39.0,04:31,17.1,59,,ENE,15.0,1029.6,23.6,40,,E,11.0,1024.5
,2024-09-17,12.4,25.3,0.0,,,NNE,35.0,08:26,21.0,38,,NE,15.0,1022.3,22.9,49,,SW,9.0,1018.6
,2024-09-18,10.7,21.3,0.0,,,SSW,43.0,17:24,17.6,62,,SSE,7.0,1021.6,19.6,74,,SSW,28.0,1019.9
,2024-09-19,11.4,21.2,0.0,,,SSW,44.0,15:54,15.5,65,,ESE,15.0,1025.8,18.8,66,,SSW,28.0,1021.1
,2024-09-20,9.1,19.1,0.0,,,S,48.0,17:13,14.1,62,,SE,15.0,1023.4,17.7,66,,SSW,28.0,1018.7
,2024-09-21,8.4,17.7,0.0,,,SSW,43.0,15:30,14.1,67,,SE,13.0,1023.4,16.9,65,,SSW,28.0,1019.7
,2024-09-22,9.8,20.8,0.0,,,SSW,44.0,15:55,16.7,63,,ESE,15.0,1019.6,18.3,70,,SSW,30.0,1015.1
,2024-09-23,10.0,20.1,0.0,,,SSW,44.0,16:42,16.4,69,,SE,9.0,1016.0,18.7,68,,SSW,26.0,1013.8
,2024-09-24,11.8,19.8,0.0,,,SSW,43.0,16:40,17.0,68,,SSE,9.0,1018.6,18.4,73,,SSW,26.0,1016.6
,2024-09-25,10.2,22.7,0.0,,,E,41.0,03:32,14.9,61,,E,15.0,1022.1,19.1,59,,SSW,19.0,1017.4
,2024-09-26,14.4,25.6,0.0,,,ENE,39.0,07:39,21.8,46,,N,15.0,1012.5,23.1,61,,NW,13.0,1008.0
,2024-09-27,13.6,17.9,4.0,,,WSW,70.0,15:14,14.1,95,,SSW,20.0,1010.9,16.9,64,,SW,28.0,1010.7
,2024-09-28,8.8,18.4,2.4,,,SW,37.0,01:52,15.0,71,,SE,9.0,1022.3,17.6,57,,WSW,15.0,1022.9
,2024-09-29,10.2,19.8,0.0,,,WNW,24.0,13:13,17.3,55,,ENE,7.0,1027.8,19.3,59,,W,15.0,1025.2
,2024-09-30,9.5,21.4,0.0,,,SSW,33.0,16:20,17.5,65,,SE,9.0,1025.1,19.9,62,,SSW,19.0,1020.3
,2024-10-1,10.4,23.1,0.0,,,NW,46.0,22:59,19.6,54,,N,7.0,1012.5,21.1,63,,WSW,15.0,1006.8
,2024-10-2,12.1,17.7,9.0,,,WSW,74.0,22:49,14.3,81,,WNW,33.0,1003.7,16.9,58,,W,39.0,1002.8
,2024-10-3,11.5,17.3,12.6,,,WSW,70.0,01:17,14.7,66,,WSW,35.0,1013.4,16.1,70,,W,17.0,1015.1
,2024-10-4,13.1,19.3,3.6,,,W,46.0,04:51,16.7,90,,WSW,22.0,1017.6,18.4,81,,SW,11.0,1017.4
,2024-10-5,14.7,21.4,0.2,,,W,22.0,14:45,17.9,82,,NW,4.0,1018.5,20.3,77,,WSW,15.0,1017.3
,2024-10-6,16.0,21.8,0.0,,,SW,20.0,05:16,19.4,75,,NW,6.0,1017.7,21.2,73,,WSW,11.0,1016.1
,2024-10-7,12.7,22.0,0.0,,,SSW,31.0,16:23,19.0,73,,SW,9.0,1019.2,20.3,69,,SSW,20.0,1017.5
,2024-10-8,13.5,21.4,0.0,,,SSW,30.0,12:41,18.5,81,,SSW,13.0,1019.6,19.6,71,,SW,13.0,1018.9
,2024-10-9,13.8,20.8,0.6,,,SSW,50.0,16:04,17.2,68,,SSE,17.0,1026.0,19.1,70,,SSW,30.0,1022.8
,2024-10-10,12.7,28.2,0.0,,,E,46.0,09:25,18.0,56,,E,28.0,1024.6,27.8,40,,E,15.0,1019.4
,2024-10-11,18.0,29.1,0.0,,,ENE,37.0,07:26,25.1,53,,ENE,15.0,1018.4,24.6,63,,NW,15.0,1014.9
,2024-10-12,17.4,21.0,0.0,,,SSW,35.0,14:03,19.9,79,,SSW,11.0,1017.4,19.4,66,,SW,24.0,1016.3
,2024-10-13,12.3,22.2,0.0,,,WSW,33.0,16:34,20.4,65,,ESE,6.0,1016.8,21.7,74,,W,19.0,1013.6
,2024-10-14,15.7,22.0,0.0,,,W,41.0,15:06,18.9,68,,NW,9.0,1014.2,16.9,97,,W,22.0,1013.5
,2024-10-15,14.9,20.6,0.4,,,SW,28.0,02:16,18.4,69,,SW,6.0,1016.6,19.3,69,,WSW,13.0,1014.3
,2024-10-16,11.8,20.1,0.2,,,NNW,43.0,14:05,19.0,63,,NW,11.0,1007.9,16.5,95,,NW,22.0,1005.7
,2024-10-17,14.2,20.6,8.6,,,SW,31.0,14:11,16.6,92,,SSE,6.0,1014.6,19.5,64,,WSW,15.0,1015.7
,2024-10-18,16.3,21.9,0.0,,,NW,31.0,12:39,19.1,70,,WNW,15.0,1017.9,19.9,70,,WNW,15.0,1016.7
,2024-10-19,14.0,22.5,0.0,,,NW,24.0,11:49,19.8,76,,NNW,11.0,1016.1,21.0,71,,W,13.0,1014.2
,2024-10-20,13.9,21.1,0.0,,,SW,69.0,18:23,18.4,87,,N,17.0,1010.4,19.3,92,,NW,33.0,1008.1
,2024-10-21,11.0,19.2,6.8,,,SW,35.0,00:22,16.8,59,,SSW,7.0,1020.5,18.2,53,,WSW,17.0,1019.7
,2024-10-22,11.0,20.8,0.2,,,WSW,31.0,09:15,16.8,76,,NNW,6.0,1021.5,20.0,56,,SW,19.0,1020.0
,2024-10-23,9.8,22.7,1.0,,,SSW,39.0,16:38,17.4,59,,ESE,9.0,1024.1,19.7,61,,SSW,22.0,1020.6
,2024-10-24,9.7,25.6,0.0,,,SSW,46.0,17:46,22.6,48,,E,6.0,1018.8,21.3,69,,SSW,22.0,1015.3
,2024-10-25,13.4,21.7,0.0,,,SSW,52.0,13:42,18.7,74,,SSW,19.0,1014.6,19.9,72,,SSW,33.0,1014.7
,2024-10-26,12.9,20.8,0.0,,,SSW,48.0,15:51,17.8,65,,SSE,15.0,1022.7,19.0,64,,SSW,31.0,1020.2
,2024-10-27,12.4,25.0,0.0,,,SSW,43.0,15:19,20.2,55,,ESE,17.0,1023.9,20.7,71,,SSW,28.0,1020.1
,2024-10-28,13.5,30.9,0.0,,,E,39.0,07:06,23.4,46,,ENE,19.0,1021.4,25.5,50,,SSW,22.0,1017.3
,2024-10-29,14.4,28.0,0.0,,,SSW,41.0,14:49,24.6,56,,WSW,9.0,1018.5,23.2,72,,SSW,28.0,1016.6
,2024-10-30,15.7,24.0,0.0,,,SSW,44.0,15:23,21.9,60,,SSE,11.0,1020.3,22.3,71,,SSW,30.0,1017.7
,2024-10-31,15.4,32.5,0.0,,,E,44.0,06:52,22.5,51,,E,15.0,1018.7,25.9,57,,SW,19.0,1013.6
,2024-11-1,16.2,26.9,0.0,,,SW,39.0,12:29,22.1,82,,SW,13.0,1011.4,21.2,78,,SW,24.0,1009.9
,2024-11-2,16.5,21.6,0.8,,,SSW,33.0,17:37,19.6,82,,SSW,17.0,1016.1,19.8,70,,SSW,20.0,1014.5
,2024-11-3,13.0,21.4,0.8,,,SW,41.0,16:07,18.9,63,,SSW,15.0,1016.2,19.8,55,,SSW,24.0,1014.9
,2024-11-4,12.2,21.4,0.0,,,SW,37.0,14:22,17.9,71,,WSW,11.0,1015.1,19.3,64,,SW,24.0,1013.9
,2024-11-5,14.6,22.0,1.0,,,WSW,52.0,06:33,19.5,70,,WSW,22.0,1015.8,20.1,71,,SW,19.0,1015.6
,2024-11-6,15.3,21.0,0.4,,,WSW,44.0,03:20,18.9,57,,SW,24.0,1020.0,19.6,55,,SSW,22.0,1020.3
,2024-11-7,11.1,21.0,0.0,,,SW,41.0,15:12,18.3,53,,SSE,15.0,1021.7,19.5,59,,SSW,26.0,1018.1
,2024-11-8,13.7,23.3,0.4,,,SW,37.0,17:22,16.3,80,,S,9.0,1015.9,21.4,62,,SW,17.0,1014.1
,2024-11-9,15.0,22.4,0.0,,,SSW,43.0,15:07,18.3,67,,SE,11.0,1020.6,20.0,61,,SSW,26.0,1018.5
,2024-11-10,11.2,22.2,0.0,,,SSW,41.0,17:35,20.3,58,,E,9.0,1021.2,20.8,66,,SSW,22.0,1018.8
,2024-11-11,12.0,22.6,0.0,,,SSW,43.0,18:42,18.9,71,,SW,15.0,1019.8,21.6,69,,SSW,22.0,1017.0
,2024-11-12,14.3,23.6,0.0,,,SSW,35.0,16:13,19.1,70,,SE,11.0,1020.9,21.2,64,,SW,24.0,1018.2
,2024-11-13,13.2,28.1,0.0,,,SSW,39.0,14:00,23.5,53,,E,15.0,1018.6,22.9,70,,SSW,24.0,1013.7
,2024-11-14,17.2,25.3,0.0,,,SSW,37.0,21:21,22.8,64,,SW,15.0,1012.7,23.3,73,,SSW,22.0,1010.5
,2024-11-15,16.6,22.3,0.0,,,SSW,56.0,13:14,20.4,72,,SSW,22.0,1014.5,21.0,69,,SSW,31.0,1013.6
,2024-11-16,11.0,21.7,0.0,,,SSW,59.0,17:56,16.6,49,,ESE,19.0,1020.3,19.7,55,,SSW,30.0,1016.9
,2024-11-17,12.0,28.8,0.0,,,ESE,44.0,03:12,18.9,45,,E,19.0,1019.5,28.2,24,,ESE,13.0,1014.8
,2024-11-18,15.3,34.1,0.0,,,E,52.0,07:11,24.8,38,,E,30.0,1013.7,27.0,53,,SSW,24.0,1009.1
,2024-11-19,19.3,23.5,0.8,,,NNW,24.0,12:20,22.0,85,,NW,9.0,1011.3,20.3,97,,WNW,4.0,1010.5
,2024-11-20,18.1,24.3,1.6,,,NNW,37.0,13:01,21.4,85,,NNW,17.0,1008.1,23.1,75,,NW,24.0,1006.3
,2024-11-21,17.4,22.7,1.2,,,SSW,41.0,14:52,19.5,78,,SW,17.0,1009.7,21.4,67,,SW,24.0,1010.2
,2024-11-22,15.1,23.1,0.0,,,SSW,41.0,16:52,20.3,56,,S,17.0,1018.0,21.4,56,,SW,24.0,1017.6
,2024-11-23,12.8,29.2,0.0,,,SSW,43.0,13:46,22.2,55,,ESE,19.0,1021.1,22.6,72,,SSW,30.0,1016.3
,2024-11-24,17.0,35.9,0.0,,,SSW,43.0,14:26,28.9,38,,NE,19.0,1013.2,24.2,66,,SSW,28.0,1007.7
,2024-11-25,16.3,22.5,0.0,,,SSW,65.0,15:49,20.2,60,,SSW,31.0,1013.4,21.0,56,,SSW,39.0,1012.2
,2024-11-26,10.4,21.6,0.0,,,SSW,52.0,16:46,16.7,47,,SE,19.0,1020.3,19.5,58,,SSW,33.0,1016.4
,2024-11-27,13.1,27.0,0.0,,,SSW,43.0,15:14,19.6,46,,E,15.0,1021.0,21.9,59,,SSW,26.0,1016.1
,2024-11-28,16.5,33.1,0.0,,,E,52.0,06:39,23.3,42,,E,26.0,1018.0,32.5,23,,E,11.0,1013.1
,2024-11-29,20.1,32.4,0.0,,,ENE,39.0,10:27,24.1,35,,E,15.0,1012.5,31.2,26,,E,9.0,1007.6
,2024-11-30,22.7,27.1,0.0,,,N,39.0,07:38,25.6,63,,NW,19.0,1005.2,24.8,77,,NW,17.0,1002.3
,2024-12-1,17.1,23.6,0.0,,,WSW,52.0,18:12,21.4,61,,WNW,13.0,1004.9,22.8,57,,WNW,24.0,1003.4
,2024-12-2,14.9,21.9,2.0,,,WSW,50.0,03:14,18.7,65,,WSW,24.0,1007.6,21.4,50,,WSW,22.0,1008.3
,2024-12-3,17.6,23.5,0.0,,,WNW,35.0,13:28,19.1,71,,WNW,19.0,1010.8,21.4,70,,WNW,19.0,1008.8
,2024-12-4,17.0,24.6,0.2,,,W,37.0,04:31,22.3,67,,W,17.0,1010.6,22.0,60,,SW,17.0,1010.6
,2024-12-5,13.6,24.1,0.0,,,SSW,57.0,15:53,21.7,57,,S,7.0,1014.0,22.6,55,,SSW,31.0,1011.1
,2024-12-6,15.2,26.4,0.0,,,SSW,57.0,17:42,22.3,46,,SE,15.0,1015.0,23.5,61,,SSW,33.0,1012.2
,2024-12-7,16.3,33.4,0.0,,,ESE,48.0,08:10,24.8,36,,ESE,19.0,1014.8,25.9,59,,SSW,26.0,1009.3
,2024-12-8,18.0,27.3,0.0,,,SSW,50.0,15:21,24.8,47,,SE,11.0,1010.4,25.2,63,,SSW,30.0,1006.7
,2024-12-9,20.0,30.8,0.0,,,ESE,56.0,20:13,25.7,57,,SE,15.0,1011.5,25.7,68,,SSW,28.0,1008.2
,2024-12-10,18.5,36.1,0.0,,,E,43.0,21:53,24.7,58,,E,22.0,1013.8,34.9,37,,SSE,17.0,1009.7
,2024-12-11,22.4,38.1,0.0,,,ENE,48.0,03:56,32.2,44,,ENE,17.0,1010.2,31.8,54,,SSW,17.0,1006.1
,2024-12-12,20.6,30.9,0.0,,,SSW,33.0,16:17,27.9,67,,SW,9.0,1006.9,26.9,69,,SSW,22.0,1004.3
,2024-12-13,20.8,26.0,0.0,,,SW,33.0,17:15,23.9,86,,NW,15.0,1004.2,25.6,78,,W,13.0,1003.1
,2024-12-14,19.3,25.6,0.0,,,WSW,31.0,14:17,23.1,73,,W,9.0,1006.0,24.7,66,,WSW,15.0,1005.5
,2024-12-15,19.1,24.6,0.0,,,SW,43.0,16:05,22.2,68,,WNW,17.0,1009.1,23.2,55,,WSW,26.0,1009.8
,2024-12-16,17.7,24.5,0.0,,,S,41.0,15:32,21.1,55,,S,20.0,1016.9,21.9,54,,SSW,26.0,1015.3
,2024-12-17,16.4,35.6,0.0,,,E,54.0,06:48,24.3,45,,E,26.0,1015.9,27.2,61,,S,22.0,1010.4
,2024-12-18,19.8,26.3,0.0,,,SSW,52.0,16:33,24.4,76,,SSW,22.0,1009.8,23.8,73,,SSW,30.0,1009.5
,2024-12-19,16.7,25.8,0.0,,,S,52.0,18:02,22.3,59,,SSE,19.0,1016.1,23.8,63,,SSW,35.0,1013.4
,2024-12-20,15.9,34.9,0.0,,,SSW,43.0,16:11,24.5,42,,E,15.0,1017.5,26.5,63,,SSW,26.0,1012.4
,2024-12-21,21.3,32.3,0.0,,,SSW,43.0,15:54,29.6,39,,SE,11.0,1014.5,29.1,54,,SSW,26.0,1010.6
,2024-12-22,22.4,40.9,0.0,,,E,50.0,07:54,27.8,39,,E,31.0,1014.7,38.0,29,,SSW,15.0,1009.3
,2024-12-23,26.8,42.9,0.0,,,SSW,46.0,14:33,35.7,15,,NE,26.0,1008.6,31.9,31,,SSW,31.0,1004.6
,2024-12-24,19.7,25.9,0.0,,,SSW,57.0,15:30,23.0,62,,SSW,28.0,1009.7,23.7,62,,SSW,39.0,1008.9
,2024-12-25,14.3,23.3,0.0,,,SSW,54.0,19:47,20.2,44,,S,17.0,1016.8,22.0,50,,SSW,30.0,1016.0
,2024-12-26,12.9,22.8,0.0,,,SSW,50.0,12:53,19.3,42,,SSE,17.0,1023.4,22.1,48,,SSW,30.0,1020.4
,2024-12-27,13.5,25.4,0.0,,,SSW,50.0,15:09,20.4,48,,ESE,9.0,1023.6,22.5,58,,SSW,31.0,1019.9
,2024-12-28,13.9,27.2,0.0,,,S,39.0,16:36,25.1,47,,SSE,7.0,1019.2,25.1,64,,SSW,24.0,1015.5
,2024-12-29,18.6,33.2,0.0,,,S,52.0,17:14,26.5,36,,ESE,9.0,1011.8,32.8,14,,SSE,2.0,1008.8
,2024-12-30,17.4,29.4,0.0,,,S,54.0,15:50,24.9,48,,SSE,13.0,1016.7,25.3,65,,S,30.0,1013.6
,2024-12-31,19.2,33.7,0.0,,,ENE,37.0,03:31,26.2,46,,E,15.0,1015.8,26.6,62,,SSW,19.0,1011.5
,2025-01-1,22.3,35.4,0.0,,,ENE,48.0,06:56,28.4,41,,E,15.0,1012.4,28.1,60,,SSW,17.0,1009.8
,2025-01-2,20.6,26.6,0.0,,,SSW,35.0,15:55,25.5,77,,SSW,11.0,1011.6,24.4,74,,SSW,22.0,1010.8
,2025-01-3,17.9,25.7,0.0,,,SSW,46.0,17:05,22.2,65,,SSW,19.0,1013.4,24.8,63,,SSW,26.0,1011.4
,2025-01-4,17.4,27.4,0.0,,,SSW,46.0,14:54,23.7,56,,SE,13.0,1014.8,24.1,57,,SSW,30.0,1012.1
,2025-01-5,16.9,29.9,0.0,,,E,44.0,01:09,24.2,42,,ESE,15.0,1015.8,25.8,55,,SSW,26.0,1013.0
,2025-01-6,19.6,37.8,0.0,,,ENE,44.0,07:58,28.3,37,,ENE,22.0,1014.9,28.6,54,,SSW,26.0,1010.5
,2025-01-7,22.1,27.5,0.0,,,SSW,50.0,16:08,26.0,69,,SSW,20.0,1009.3,25.4,64,,SSW,30.0,1009.7
,2025-01-8,18.4,25.5,0.0,,,SSE,41.0,17:14,23.6,61,,SE,9.0,1014.3,23.3,65,,SSW,26.0,1013.1
,2025-01-9,14.9,26.2,0.0,,,SSW,35.0,16:12,23.0,62,,WSW,11.0,1014.3,24.6,64,,SSW,22.0,1011.5
,2025-01-10,18.3,26.4,0.0,,,SSW,43.0,15:12,23.5,73,,SW,15.0,1013.0,24.5,61,,SSW,24.0,1012.6
,2025-01-11,17.1,28.5,0.0,,,SSW,43.0,16:13,24.8,51,,ESE,11.0,1014.0,25.4,61,,S,28.0,1010.6
,2025-01-12,18.1,26.4,0.0,,,SW,33.0,14:33,23.9,54,,SSW,20.0,1011.7,25.0,61,,SW,22.0,1010.4
,2025-01-13,20.6,27.1,0.0,,,SSW,41.0,14:43,25.2,71,,SW,15.0,1010.1,24.9,70,,SSW,28.0,1008.0
,2025-01-14,19.6,25.4,0.0,,,SSW,46.0,15:45,22.8,58,,S,22.0,1014.3,23.9,47,,SSW,24.0,1013.6
,2025-01-15,15.4,28.8,0.0,,,S,43.0,16:30,22.3,41,,E,9.0,1016.7,23.6,57,,S,26.0,1012.6
,2025-01-16,18.0,39.4,0.0,,,E,43.0,07:27,28.5,27,,E,20.0,1009.8,33.5,31,,S,19.0,1003.0
,2025-01-17,22.6,26.0,0.2,,,W,41.0,02:35,23.1,87,,ENE,2.0,1003.1,25.0,69,,WNW,19.0,1005.1
,2025-01-18,15.4,27.6,0.8,,,S,50.0,16:34,21.6,50,,SE,13.0,1014.8,24.3,55,,SSW,26.0,1011.6
,2025-01-19,20.3,35.7,0.0,,,S,41.0,16:29,27.0,42,,E,22.0,1012.4,29.2,58,,SSW,24.0,1009.0
,2025-01-20,25.3,43.0,0.0,,,ENE,46.0,08:37,33.7,32,,E,24.0,1008.6,37.6,34,,SSW,15.0,1005.3
,2025-01-21,27.5,37.5,0.0,,,NNW,37.0,12:24,35.0,25,,ENE,9.0,1005.7,30.3,48,,S,13.0,1005.8
,2025-01-22,26.8,37.3,0.0,,,,,,31.5,35,,NNE,9.0,1007.4,34.6,36,,SSE,13.0,1006.5
,2025-01-23,27.4,37.7,,,,E,39.0,05:02,32.5,35,,E,19.0,1009.2,29.4,59,,WSW,15.0,1006.8
,2025-01-24,24.8,30.0,0.0,,,NW,44.0,14:27,27.4,75,,N,19.0,1007.5,28.1,72,,NW,26.0,1005.4
,2025-01-25,21.8,27.8,0.8,,,NW,39.0,00:06,25.1,87,,WSW,7.0,1008.2,27.2,74,,WSW,17.0,1007.9
,2025-01-26,21.8,26.6,0.2,,,SSW,50.0,17:52,23.1,74,,SSE,11.0,1012.6,24.5,66,,SSW,31.0,1011.0
,2025-01-27,17.4,28.8,0.0,,,S,50.0,17:28,24.0,58,,ESE,15.0,1016.3,25.4,60,,SSW,30.0,1013.6
,2025-01-28,18.8,35.4,0.0,,,E,43.0,08:58,25.0,44,,E,28.0,1017.8,30.3,55,,SSW,19.0,1014.4
,2025-01-29,22.2,39.6,0.0,,,S,46.0,18:54,29.3,36,,E,24.0,1015.4,32.1,43,,S,26.0,1011.4
,2025-01-30,26.3,40.9,0.0,,,NE,37.0,09:55,33.8,22,,NE,15.0,1010.3,30.4,54,,S,28.0,1006.0
,2025-01-31,20.7,28.2,0.0,,,S,35.0,18:14,25.5,79,,NW,11.0,1006.9,26.9,71,,SSW,17.0,1005.7
